Title,Keyword,KeywordID,Position,Previous position,SearchVolumeID,CPCID,TrafficID,TrafficCostID,CompetitionID,ResultID
PMP® Exam & Certification | Flat 40% Off - Enroll Now,pmp certification,1,1,1,1,1,1,1,1,1
PMP® Exam & Certification | Confidently Ace The PMP Exam,pmp certification,1,1,1,1,1,1,1,1,1
PMP® Training & Exam | Special Offer: Get $400 Off,pmp certification,1,1,2,1,1,1,1,1,1
CSM Scrum Master Course Online | Today's Offer: Up To 51% Off,scrum master certification,2,1,1,2,2,2,2,2,2
PMP® Certification | Ace PMP Exam in 1st Attempt,pmp certification,1,3,3,1,1,1,1,1,1
ITIL® 4 Certification Course | 100% Money Back Guarantee,itil certification,3,1,1,3,3,3,3,3,3
PMP® Exam & Certification | Flat 40% Off - Enroll Now,pmp certification,1,4,4,1,1,1,1,1,1
CSM Scrum Master Course Online | Today's Offer: Up To 51% Off,certified scrum master certification,2,1,1,2,2,2,2,2,2
Scrum Alliance CSM® Training | Flash Sale: Enroll @ $270,csm certification,2,1,1,2,2,2,2,2,2
PMP® Certification Course | Ace PMP Exam in 1st Attempt,pmp certification,1,6,0,1,1,1,1,1,1
Simplilearn PMP® Course | Special Offer: Get $400 Off,simplilearn,1,1,1,1,1,1,1,1,1
Simplilearn® Courses | Online Certification Courses,simplilearn,4,1,1,4,4,4,4,4,4
PMP® Certification Course,pmp certification requirements,1,1,0,1,1,1,1,1,1
CSM Scrum Master Course Online - Limited-time Offer: $270 Only,certified scrum master,2,1,1,2,2,2,2,2,2
PMI Certified PMP® Training | Ace PMP Exam in 1st Attempt,pmi certification,1,1,1,1,1,1,1,1,1
PMP® Certification | Special Offer: Get $400 Off,project management certification,1,5,5,1,1,1,1,1,1
CSM Scrum Master Course Online | Today's Offer: Up To 51% Off,scrum master certification,2,2,2,2,2,2,2,2,2
Become a Certified ScrumMaster | Today's Offer: Up To 51% Off,scrum master certification,2,3,3,2,2,2,2,2,2
PMP® Certification | Confidently Ace The PMP Exam,project management professional certification,1,4,4,1,1,1,1,1,1
Simplilearn® Courses | Online Certification Courses,simplilearn,4,2,2,4,4,4,4,4,4
CAPM® Certification Training | Ace CAPM® Exam in 1st Attempt,capm certification,5,4,4,5,5,5,5,5,5
ITIL Certification Course - 100% Exam Pass Guarantee,itil certification,3,4,4,3,3,3,3,3,3
CSM Scrum Master Course Online | Today's Offer: Up To 51% Off,scrum master certification,2,5,5,2,2,2,2,2,2
Simplilearn Post Graduate - Online Post Graduate Programs,post graduate program in digital marketing simpli learn purdue cost,4,1,1,4,4,4,4,4,4
PMP® Certification Course | Ace PMP Exam in 1st Attempt,pmp certification requirements,1,2,2,1,1,1,1,1,1
SAFe® Agilist Certification | Special Offer: Get $250 Off,safe certification,6,2,2,6,6,6,6,6,6
PMP® Certification | Ace PMP Exam in 1st Attempt,pmp certifications,1,1,1,1,1,1,1,1,1
Simplilearn Online Bootcamps | Online Certification Courses,simplilearn login,4,1,1,4,4,4,4,4,4
CSM Scrum Master Course Online | Today's Offer: Up To 51% Off,smum master certification,2,1,1,2,2,2,2,2,2
CSM Scrum Master Course Online | Today's Offer: Up To 51% Off,certified scrum master,2,2,2,2,2,2,2,2,2
CSPO® Certification | Limited Offer: Enroll @ $270,cspo,7,2,2,7,7,7,7,7,7
CSM Scrum Master Course Online | Today's Offer: Up To 51% Off,certified scrum master certification,2,4,4,2,2,2,2,2,2
PMP® Exam & Certification - Special Offer: Get $400 Off,pmp certification cost,1,5,5,1,1,1,1,1,1
PMP® Exam & Certification,pmp exam,1,3,0,1,1,1,1,1,1
CSM Scrum Master Course Online | Today's Offer: Up To 51% Off,certified scrum master certification,2,6,6,2,2,2,2,2,2
CSPO® Certification | Special Offer: Flat $279 Off,cspo,7,3,3,7,7,7,7,7,7
Simplilearn® Courses - Online Certification Courses,simplelearn,4,1,1,4,4,4,4,4,4
Simplilearn® Courses - Online Certification Courses,simpli learn,4,1,1,4,4,4,4,4,4
Simplilearn® Courses | Online Certification Courses,simply learn,4,1,1,4,4,4,4,4,4
PMP® Exam & Certification | Confidently Ace The PMP Exam,pmp exam,1,4,4,1,1,1,1,1,1
PMP® Exam & Certification | Special Offer: Get $400 Off,pmp exam,1,4,4,1,1,1,1,1,1
PMP® Certification Course | Ace PMP Exam in 1st Attempt,pmp certification exam questions,1,1,1,1,1,1,1,1,1
Simplilearn® Official Site | Online Courses,simplilearn americas,4,1,1,4,4,4,4,4,4
PMP® Exam & Certification | Ace PMP Exam in 1st Attempt,pmp exam cost,1,2,2,1,1,1,1,1,1
PMP® Exam & Certification | Flat 40% Off - Enroll Now,pmp exam cost,1,2,2,1,1,1,1,1,1
Simplilearn® Courses - Online Certification Courses,simplylearn,4,1,1,4,4,4,4,4,4
TOGAF® Architect Certification | Enroll in TOGAF® Course Now,togaf certification,8,2,2,8,8,8,8,8,8
PMP® Certification - Flat 40% Off - Enroll Now,pmp exam fee,1,2,2,1,1,1,1,1,1
ITIL® 4 Certification Course | Accredited Course Curriculum,itil certifications,3,4,4,3,3,3,3,3,3
Simplilearn Online Bootcamps | Online Certification Courses,simplilearn login,4,2,2,4,4,4,4,4,4
SAFe® Agilist Certification | Special Offer: Get $250 Off,scaled agile framework certification,6,4,4,6,6,6,6,6,6
Simplilearn® Courses - Online Certification Courses,simlilearn,4,1,1,4,4,4,4,4,4
TOGAF® Architect Certification | Enroll in TOGAF® Course Now,togaf certified,8,1,1,8,8,8,8,8,8
AWS Certification Course,amazon web service certification,9,2,2,9,9,9,9,9,9
PMP® Exam & Certification | Confidently Ace The PMP Exam,pmp practice exam free,1,1,1,1,1,1,1,1,1
PMP® Exam & Certification | Ace PMP Exam in 1st Attempt,pmp study course,1,1,1,1,1,1,1,1,1
SAFe® Agilist Certification | Limited Offer: Enroll @ $545,scaled agile framework certification,6,6,6,6,6,6,6,6,6
PMP® Certification Course | Ace PMP Exam in 1st Attempt,how to get pmp certification,1,4,4,1,1,1,1,1,1
TOGAF® Architect Certification | TOGAF® Free Exam Retake,togaf certification,8,4,4,8,8,8,8,8,8
Simplilearn® Courses,simply learn,4,2,2,4,4,4,4,4,4
Simplilearn® Courses,simplelern,4,1,1,4,4,4,4,4,4
PMP® Certification Course | Ace PMP Exam in 1st Attempt,pmp course,1,5,5,1,1,1,1,1,1
Simplilearn® Official Site,login simplilearn,4,1,1,4,4,4,4,4,4
PMP® Exam & Certification,pmp test,1,4,4,1,1,1,1,1,1
Simplilearn® Official Site,simplilern,4,1,1,4,4,4,4,4,4
SAFe® Agilist Certification | Special Offer: Get $250 Off,scale agile certification,6,2,0,6,6,6,6,6,6
AWS Certified Cloud Practioner | Special Offer Get Flat 43% Off,aws practitioner certification,9,3,0,9,9,9,9,9,9
TOGAF® Architect Certification - TOGAF® Free Exam Retake,togaf certification,8,6,6,8,8,8,8,8,8
PMP® Exam & Certification | Ace PMP Exam in 1st Attempt,pmi pmp certification,1,2,2,1,1,1,1,1,1
TOGAF® Enterprise Architecture | Master TOGAF® Core Concepts,togaf training,8,1,1,8,8,8,8,8,8
Simplilearn Online Bootcamps | Online Certification Courses,simpilearn,4,1,1,4,4,4,4,4,4
Simplilearn® Courses,simplylearn,4,2,2,4,4,4,4,4,4
Simplilearn Courses,simplilearning,4,1,1,4,4,4,4,4,4
Certified Scrum Product Owner® | Limited Offer: Flat $279 Off,scrum master certification free,2,4,4,2,2,2,2,2,2
TOGAF® 10 Certification Course | Master TOGAF® Core Concepts,togaf certifications,8,1,1,8,8,8,8,8,8
Simplilearn Online Bootcamps | Online Certification Courses,smplilearn,4,1,1,4,4,4,4,4,4
Simplilearn® Courses | Online Certification Courses,simplileaern,4,1,1,4,4,4,4,4,4
Simplilearn® Courses,simplileanr,4,1,1,4,4,4,4,4,4
Become Certified Scrum Master | Flash Sale: Enroll @ $270,certified scrum certification,2,4,4,2,2,2,2,2,2
Simplilearn® Official Site - Online Certification Courses,simpllearn,4,1,1,4,4,4,4,4,4
PMP® Certification Course | Ace PMP Exam in 1st Attempt,pmp certification training,1,5,5,1,1,1,1,1,1
Simplilearn® Courses | Online Certification Courses,simplilarn,4,1,1,4,4,4,4,4,4
PMP® Certification Course | Ace PMP Exam in 1st Attempt,project management professional prep course,1,3,3,1,1,1,1,1,1
PMP® Training & Exam - Ace PMP Exam in 1st Attempt,pmp exam practice test,1,3,3,1,1,1,1,1,1
PMP® Certification Training | Ace PMP Exam in 1st Attempt,how to prepare for pmp certification,1,1,1,1,1,1,1,1,1
ITIL Foundations Course | 100% Exam Pass Guarantee,itil 4 foundation certification,3,2,2,3,3,3,3,3,3
Simplilearn® Courses | Level Up Your Skills | Launch Your Career,simpli lear,4,1,1,4,4,4,4,4,4
Simplilearn® Courses,simplilearn azure,4,1,1,4,4,4,4,4,4
Cloud Architect Certificate - Become a Cloud Architect,cloud architect certification,10,3,3,10,10,10,10,10,10
PMP® Certification Training | Flat 40% Off - Enroll Now,cheap pmp certification,1,1,1,1,1,1,1,1,1
CSPO® Certification Course | Limited Offer: Flat $279 Off,cspo training,7,3,3,7,7,7,7,7,7
Simplilearn® Official Site,simplilearn log in,4,1,1,4,4,4,4,4,4
Simplilearn ITIL 4 Training - Online Certification Courses,skillup by simplilearn,3,1,1,3,3,3,3,3,3
CSM Scrum Master Course Online - Today's Offer: Up To 51% Off,certified scrum master class,2,2,2,2,2,2,2,2,2
Simplilearn PMP® Course | Flat 40% Off - Enroll Now,similearn,1,1,1,1,1,1,1,1,1
CSM Scrum Master Course Online | Today's Offer: Up To 51% Off,certified scrum master certificate,2,2,2,2,2,2,2,2,2
PMP® Certification Course,how to get project management certification,1,3,3,1,1,1,1,1,1
Simplilearn Courses | Online Courses,simplilearn courses,4,1,1,4,4,4,4,4,4
CSM Scrum Master Course Online | Today's Offer: Up To 51% Off,certified scrum master course,2,3,3,2,2,2,2,2,2
Product Owner (CSPO®) Course | Limited Offer: Flat $279 Off,a certified scrum product owner,7,1,1,7,7,7,7,7,7
Master ITIL 4 Foundation - Clear ITIL Exam on 1st Attempt,itil foundation mock test,3,1,1,3,3,3,3,3,3
Simplilearn PMP® Course | Special Offer: Get $400 Off,siplilearn,1,1,1,1,1,1,1,1,1
Simplilearn Online Bootcamps | Level Up Your Skills,simplielarn,4,1,1,4,4,4,4,4,4
Simplilearn® Courses | Online Certification Courses,simplielearn,4,1,0,4,4,4,4,4,4
Simplilearn Online Bootcamps | Online Certification Courses,simplilear,4,1,1,4,4,4,4,4,4
Simplilearn® Official Site | Online Certification Courses,simply lern,4,1,1,4,4,4,4,4,4
Master ITIL 4 Foundation - 100+ Premium Exam Questions,itil foundation mock exam,3,1,1,3,3,3,3,3,3
AWS Certified Cloud Practioner | Today's offer- Flat $300 Off,best aws learning tutorial,9,5,5,9,9,9,9,9,9
Simplilearn Online Bootcamps | Online Certification Courses,simplilearns,4,1,1,4,4,4,4,4,4
PMP® Certification Course | Flat 40% Off - Enroll Now,pmp certification courses online,1,3,3,1,1,1,1,1,1
PMP® Certification | Flat 40% Off - Enroll Now,online pmp certification training,1,1,1,1,1,1,1,1,1
CSM Scrum Master Course Online | Limited-time Offer: $270 Only,csm scrum master certification,2,2,2,2,2,2,2,2,2
PMP® Training & Exam | Confidently Ace The PMP Exam,pmp prep classes,1,5,5,1,1,1,1,1,1
Simplilearn Online Bootcamps | Launch Your Career,simplilerarn,4,1,1,4,4,4,4,4,4
PMP® Exam & Certification - Confidently Ace The PMP Exam,pmp test requirements,1,3,3,1,1,1,1,1,1
ITIL Certification Cost - 100% Exam Pass Guarantee,itil 4 foundation exam cost,3,3,0,3,3,3,3,3,3
Simplilearn® Courses,simple lern,4,1,1,4,4,4,4,4,4
CAPM® Exam Prep in 3 Weeks | Ace CAPM® Exam in 1st Attempt,capm course,5,6,0,5,5,5,5,5,5
PMP® Certification Training | Flat 40% Off - Enroll Now,how much does it cost to do pmp-acp,1,4,4,1,1,1,1,1,1
ITIL Certification Now - 4 Mock Tests | 30+ Quizzes,itil foundation test online,3,1,1,3,3,3,3,3,3
ITIL Certification Course | Clear ITIL Exam on 1st Attempt,itil certification course online,3,1,1,3,3,3,3,3,3
PMP® Certification Training - Ace PMP Exam in 1st Attempt,pmp exam prep free,1,1,1,1,1,1,1,1,1
Become CAPM® Ready in 3 Weeks | Ace CAPM® Exam in 1st...,certified associate in project management capm course,5,2,2,5,5,5,5,5,5
PMP® Exam & Certification | Ace PMP Exam in 1st Attempt,pmp certificaiton,1,2,2,1,1,1,1,1,1
Simplilearn® Courses | Online Certification Courses,smplilearn,4,2,2,4,4,4,4,4,4
Simplilearn® ITIL Programs | Online Certification Courses,simplilearn artificial intelligence engineer,3,1,1,3,3,3,3,3,3
ITIL Foundations Course | 100% Exam Pass Guarantee,itil foundation training,3,4,4,3,3,3,3,3,3
PMP® Certification | Ace PMP Exam in 1st Attempt,certificado de gestion de proyectos,1,1,1,1,1,1,1,1,1
TOGAF® Certification Price - TOGAF® Free Exam Retake,togaf certification training,8,2,2,8,8,8,8,8,8
Simplilearn Online Bootcamps - Online Certification Courses,simplileaern,4,2,2,4,4,4,4,4,4
ITIL Certification Course | 100% Exam Pass Guarantee,itil certification training,3,2,2,3,3,3,3,3,3
Become a Certified ScrumMaster | Today's Offer: Up To 51%...,certified scrummaster csm,2,3,3,2,2,2,2,2,2
TOGAF® Enterprise Architecture | Enroll in TOGAF® Course Now,udacity enterprise architecture,8,4,4,8,8,8,8,8,8
Simplilearn ITIL 4 Training | Online Certification Courses,simplilearn itil,3,1,1,3,3,3,3,3,3
Simplilearn® Official Site - Online Certification Courses,simplilearn.com,4,1,1,4,4,4,4,4,4
Simplilearn® Training Programs | Get Certified. Get Ahead.,simplilearn cloud architect,4,1,1,4,4,4,4,4,4
ITIL Certification Course | Clear ITIL Exam on 1st Attempt,itl certification,3,1,1,3,3,3,3,3,3
Simplilearn Online Bootcamps | Trusted by 3 Million+ Learners,simplearn,4,1,1,4,4,4,4,4,4
Master ITIL 4 Foundation - Clear ITIL Exam on 1st Attempt,itil 4 foundation mock exam,3,1,1,3,3,3,3,3,3
PMP® Certification Course | Ace PMP Exam in 1st Attempt,pmp courses online free,1,1,1,1,1,1,1,1,1
ITIL Foundations Course | 100% Exam Pass Guarantee,itil 4 foundation certification,3,6,6,3,3,3,3,3,3
PMI Certified PMP® Training | Flat 40% Off - Enroll Now,pmi project management course,1,3,3,1,1,1,1,1,1
Simplilearn® Courses | Online Certification Courses,simplilearn data science,4,2,2,4,4,4,4,4,4
Become Certified Scrum Master | Today's Offer: Up To 51% Off,certified scrum master csm certification,2,3,3,2,2,2,2,2,2
Simplilearn ITIL V4 | Online Certification Courses,simplilearn cissp,3,1,1,3,3,3,3,3,3
CSM Scrum Master Course Online | Limited-time Offer: $270 Only,csm class,2,3,3,2,2,2,2,2,2
Simplilearn Online Bootcamps | Online Certification Courses,simplilearn full stack developer,4,2,2,4,4,4,4,4,4
PMI Certified PMP® Training | Ace PMP Exam in 1st Attempt,pmp training pmi,1,3,3,1,1,1,1,1,1
Simplilearn ITIL 4 Training - Level Up Your Skills,skillup by simplilearn,3,2,2,3,3,3,3,3,3
Cloud Certification Course | Masters Certification in Cloud,caltech post graduate program in cloud computing,10,3,3,10,10,10,10,10,10
PMP® Certification Course | Flat 40% Off - Enroll Now,it project manager certification,1,5,5,1,1,1,1,1,1
Simplilearn Online Bootcamps | Online Certification Courses,simplilearns,4,2,2,4,4,4,4,4,4
PMP® Exam & Certification | Confidently Ace The PMP Exam,pmi exam prep,1,4,4,1,1,1,1,1,1
PMP® Certification | Confidently Ace The PMP Exam,best course for pmp,1,4,4,1,1,1,1,1,1
ITIL Certification Course | 100% Exam Pass Guarantee,itil certification online,3,3,3,3,3,3,3,3,3
ITIL Foundations Course | 100% Exam Pass Guarantee,itil online certification,3,2,2,3,3,3,3,3,3
No Cost & No Hidden Fees - AWS Certification Course,best platform to learn aws,9,4,0,9,9,9,9,9,9
PMP® Certification Course | Confidently Ace The PMP Exam,pmp certification what is it,1,4,4,1,1,1,1,1,1
CAPM® Certification Training | Ace CAPM® Exam in 1st...,certified associate in project management capm course,5,5,5,5,5,5,5,5,5
PMP® Course | Confidently Ace The PMP Exam,best pmp prep course,1,6,6,1,1,1,1,1,1
ITIL Certification Course | 100% Exam Pass Guarantee,itil classes online,3,3,3,3,3,3,3,3,3
Simplilearn® Courses | Online Certification Courses,simplilearn artificial intelligence engineer,4,4,4,4,4,4,4,4,4
Simplilearn TOGAF - Online Certification Courses,simplilearn artificial intelligence engineer,4,6,6,4,4,4,4,4,4
ITIL Foundations Course | 100% Exam Pass Guarantee,learning tree itil 4 foundation,3,3,3,3,3,3,3,3,3
PMP® Training Course | Confidently Ace The PMP Exam,purdue project management essentials,1,2,2,1,1,1,1,1,1
Project Management Training,purdue project management essentials,1,5,5,1,1,1,1,1,1
TOGAF® Enterprise Architecture | Enroll in TOGAF® Course Now,it architect certification program,8,4,4,8,8,8,8,8,8
TOGAF® 10 Certification Course | Enroll in TOGAF® Course Now,togaf course online,8,2,2,8,8,8,8,8,8
AWS Solution Architect Course | Get AWS Associate Certificate,aws solutions architect-associate,9,4,4,9,9,9,9,9,9
CSM Scrum Master Course Online - Today's Offer: Up To 51% Off,get certified scrum master,2,3,3,2,2,2,2,2,2
Online AWS CPE Course | Special Offer Get Flat 43% Off,devops certification course,9,4,4,9,9,9,9,9,9
CSM Scrum Master Course Online | Today's Offer: Up To 51% Off,scrum master certification course,2,4,4,2,2,2,2,2,2
PMP® Exam & Certification | Flat 40% Off - Enroll Now,pmp training and certification cost,1,4,4,1,1,1,1,1,1
Leading SAFe® 6 Certification | Special Offer: Get $250 Off,safe 6.0 certification,6,4,4,6,6,6,6,6,6
PMP® Exam & Certification,pmp registered,1,2,2,1,1,1,1,1,1
PMP® Exam & Certification | Flat 40% Off - Enroll Now,pmp registered,1,5,5,1,1,1,1,1,1
PMP® Exam & Certification | Ace PMP Exam in 1st Attempt,how to register for pmp exam,1,2,2,1,1,1,1,1,1
CSM Scrum Master Course Online - Today's Offer: Up To 51% Off,srum master certification,2,4,4,2,2,2,2,2,2
SAFe® Agile Training & Exam | Special Offer: Get $250 Off,scrum safe certification,6,3,3,6,6,6,6,6,6
PMP® Course | Confidently Ace The PMP Exam,pmp free course,1,3,3,1,1,1,1,1,1
PMP® Certification Course,how to prepare for pmp certification,1,5,5,1,1,1,1,1,1
PMP® Exam & Certification | Flat 40% Off - Enroll Now,what is the cost of pmp exam,1,4,4,1,1,1,1,1,1
Master ITIL 4 Foundation | 100% Exam Pass Guarantee,itil 4 foundation course,3,3,3,3,3,3,3,3,3
PMP® Certification Course | Flat 40% Off - Enroll Now,pmp certification online course,1,6,6,1,1,1,1,1,1
Master ITIL 4 Foundation | 100% Exam Pass Guarantee,itilv4 foundation,3,3,3,3,3,3,3,3,3
Master ITIL 4 Foundation | 100% Exam Pass Guarantee,itilv4 foundation,3,6,6,3,3,3,3,3,3
ITIL Foundations Course | Clear ITIL Exam on 1st Attempt,itil foundations training,3,3,3,3,3,3,3,3,3
Simplilearn PMP® Course - Limited Offer: Get $400 Off,siplilearn,1,2,2,1,1,1,1,1,1
Simplilearn® Courses | Online Certification Courses,simplielearn,4,2,2,4,4,4,4,4,4
CSPO® Certification - Special Offer: Flat $279 Off,knowledgehut cspo,7,2,2,7,7,7,7,7,7
Become CAPM® Ready in 3 Weeks | Ace CAPM® Exam in 1st...,capm training classes,5,2,2,5,5,5,5,5,5
Become Certified Scrum Master | Limited-time Offer: $270 Only,agile certified scrum master,2,3,3,2,2,2,2,2,2
Simplilearn Online Bootcamps | Online Certification Courses,simplilearn generative ai,4,3,3,4,4,4,4,4,4
PMP® Exam & Certification | Special Offer: Get $400 Off,pmp certificering,1,6,6,1,1,1,1,1,1
PMP® Exam & Certification - Flat 40% Off - Enroll Now,pmp certification 35 hours online training,1,4,4,1,1,1,1,1,1
Certified Scrum Product Owner® | Limited Offer: Flat $279 Off,scrum alliance csm certification cost,2,4,4,2,2,2,2,2,2
PMP® Certification Course,duration of pmp course,1,2,2,1,1,1,1,1,1
TOGAF® Certification Exam Cost | TOGAF® Free Exam Retake,togaf certification price,8,4,4,8,8,8,8,8,8
Master ITIL 4 Foundation - 100% Exam Pass Guarantee,itil foundation test,3,2,2,3,3,3,3,3,3
