Title,Keyword,KeywordID,Position,Previous position,Search Volume,Traffic,Traffic Cost,Competition,Last Seen
PMP® Exam & Certification | Flat 40% Off - Enroll Now,pmp certification,1,1,1,90500,4253,15991,0.6,31-12-2024
PMP® Exam & Certification | Confidently Ace The PMP Exam,pmp certification,1,1,1,90500,4253,15991,0.6,01-01-2025
PMP® Training & Exam | Special Offer: Get $400 Off,pmp certification,1,1,2,90500,1176,4492,0.65,14-01-2025
CSM Scrum Master Course Online | Today's Offer: Up To 51% Off,scrum master certification,2,1,1,18100,850,2728,0.64,10-01-2025
PMP® Certification | Ace PMP Exam in 1st Attempt,pmp certification,1,3,3,90500,814,3109,0.65,07-01-2025
ITIL® 4 Certification Course | 100% Money Back Guarantee,itil certification,3,1,1,14800,695,1619,0.49,26-01-2025
PMP® Exam & Certification | Flat 40% Off - Enroll Now,pmp certification,1,4,4,90500,633,2380,0.6,02-01-2025
CSM Scrum Master Course Online | Today's Offer: Up To 51% Off,certified scrum master certification,2,1,1,9900,465,1492,0.64,17-01-2025
Scrum Alliance CSM® Training | Flash Sale: Enroll @ $270,csm certification,2,1,1,9900,465,2101,0.43,28-12-2024
PMP® Certification Course | Ace PMP Exam in 1st Attempt,pmp certification,1,6,0,90500,452,1726,0.65,26-01-2025
Simplilearn PMP® Course | Special Offer: Get $400 Off,simplilearn,1,1,1,8100,380,877,0.14,22-01-2025
Simplilearn® Courses | Online Certification Courses,simplilearn,4,1,1,8100,380,877,0.14,25-01-2025
PMP® Certification Course,pmp certification requirements,1,1,0,6600,310,734,0.59,26-01-2025
CSM Scrum Master Course Online - Limited-time Offer: $270 Only,certified scrum master,2,1,1,5400,253,640,0.49,07-01-2025
PMI Certified PMP® Training | Ace PMP Exam in 1st Attempt,pmi certification,1,1,1,5400,253,847,0.59,22-01-2025
PMP® Certification | Special Offer: Get $400 Off,project management certification,1,5,5,49500,247,1603,0.68,31-12-2024
CSM Scrum Master Course Online | Today's Offer: Up To 51% Off,scrum master certification,2,2,2,18100,235,754,0.64,07-01-2025
Become a Certified ScrumMaster | Today's Offer: Up To 51% Off,scrum master certification,2,3,3,18100,162,520,0.64,04-01-2025
PMP® Certification | Confidently Ace The PMP Exam,project management professional certification,1,4,4,18100,126,473,0.6,31-12-2024
Simplilearn® Courses | Online Certification Courses,simplilearn,4,2,2,8100,105,242,0.14,12-01-2025
CAPM® Certification Training | Ace CAPM® Exam in 1st Attempt,capm certification,5,4,4,14800,103,280,0.63,25-01-2025
ITIL Certification Course - 100% Exam Pass Guarantee,itil certification,3,4,4,14800,103,239,0.49,26-01-2025
CSM Scrum Master Course Online | Today's Offer: Up To 51% Off,scrum master certification,2,5,5,18100,90,306,0.56,29-12-2024
Simplilearn Post Graduate - Online Post Graduate Programs,post graduate program in digital marketing simpli learn purdue cost,4,1,1,1900,89,0,0,21-01-2025
PMP® Certification Course | Ace PMP Exam in 1st Attempt,pmp certification requirements,1,2,2,6600,85,201,0.59,14-01-2025
SAFe® Agilist Certification | Special Offer: Get $250 Off,safe certification,6,2,2,6600,85,320,0.41,24-01-2025
PMP® Certification | Ace PMP Exam in 1st Attempt,pmp certifications,1,1,1,1600,75,286,0.65,19-01-2025
Simplilearn Online Bootcamps | Online Certification Courses,simplilearn login,4,1,1,1600,75,98,0.13,23-01-2025
CSM Scrum Master Course Online | Today's Offer: Up To 51% Off,smum master certification,2,1,1,1600,75,0,0,02-01-2025
CSM Scrum Master Course Online | Today's Offer: Up To 51% Off,certified scrum master,2,2,2,5400,70,187,0.43,30-12-2024
CSPO® Certification | Limited Offer: Enroll @ $270,cspo,7,2,2,5400,70,286,0.41,07-01-2025
CSM Scrum Master Course Online | Today's Offer: Up To 51% Off,certified scrum master certification,2,4,4,9900,69,221,0.64,24-01-2025
PMP® Exam & Certification - Special Offer: Get $400 Off,pmp certification cost,1,5,5,12100,60,155,0.33,07-01-2025
PMP® Exam & Certification,pmp exam,1,3,0,6600,59,153,0.39,26-01-2025
CSM Scrum Master Course Online | Today's Offer: Up To 51% Off,certified scrum master certification,2,6,6,9900,49,166,0.56,30-12-2024
CSPO® Certification | Special Offer: Flat $279 Off,cspo,7,3,3,5400,48,196,0.41,03-01-2025
Simplilearn® Courses - Online Certification Courses,simplelearn,4,1,1,1000,47,108,0.14,13-01-2025
Simplilearn® Courses - Online Certification Courses,simpli learn,4,1,1,1000,47,108,0.14,06-01-2025
Simplilearn® Courses | Online Certification Courses,simply learn,4,1,1,1000,47,108,0.14,06-01-2025
PMP® Exam & Certification | Confidently Ace The PMP Exam,pmp exam,1,4,4,6600,46,99,0.36,31-12-2024
PMP® Exam & Certification | Special Offer: Get $400 Off,pmp exam,1,4,4,6600,46,119,0.39,10-01-2025
PMP® Certification Course | Ace PMP Exam in 1st Attempt,pmp certification exam questions,1,1,1,880,41,43,0.45,17-01-2025
Simplilearn® Official Site | Online Courses,simplilearn americas,4,1,1,720,33,62,0.16,31-12-2024
PMP® Exam & Certification | Ace PMP Exam in 1st Attempt,pmp exam cost,1,2,2,2400,31,70,0.28,15-01-2025
PMP® Exam & Certification | Flat 40% Off - Enroll Now,pmp exam cost,1,2,2,2400,31,70,0.28,22-01-2025
Simplilearn® Courses - Online Certification Courses,simplylearn,4,1,1,590,27,62,0.14,17-01-2025
TOGAF® Architect Certification | Enroll in TOGAF® Course Now,togaf certification,8,2,2,1900,24,56,0.52,20-01-2025
PMP® Certification - Flat 40% Off - Enroll Now,pmp exam fee,1,2,2,1900,24,44,0.34,27-12-2024
ITIL® 4 Certification Course | Accredited Course Curriculum,itil certifications,3,4,4,2900,20,46,0.49,25-01-2025
Simplilearn Online Bootcamps | Online Certification Courses,simplilearn login,4,2,2,1600,20,26,0.13,09-01-2025
SAFe® Agilist Certification | Special Offer: Get $250 Off,scaled agile framework certification,6,4,4,2900,20,75,0.41,10-01-2025
Simplilearn® Courses - Online Certification Courses,simlilearn,4,1,1,390,18,41,0.14,06-01-2025
TOGAF® Architect Certification | Enroll in TOGAF® Course Now,togaf certified,8,1,1,390,18,42,0.41,28-12-2024
AWS Certification Course,amazon web service certification,9,2,2,1300,16,27,0.34,24-01-2025
PMP® Exam & Certification | Confidently Ace The PMP Exam,pmp practice exam free,1,1,1,320,15,22,0.43,01-01-2025
PMP® Exam & Certification | Ace PMP Exam in 1st Attempt,pmp study course,1,1,1,320,15,134,0.19,24-01-2025
SAFe® Agilist Certification | Limited Offer: Enroll @ $545,scaled agile framework certification,6,6,6,2900,14,52,0.41,10-01-2025
PMP® Certification Course | Ace PMP Exam in 1st Attempt,how to get pmp certification,1,4,4,1900,13,50,0.69,15-01-2025
TOGAF® Architect Certification | TOGAF® Free Exam Retake,togaf certification,8,4,4,1900,13,30,0.41,30-12-2024
Simplilearn® Courses,simply learn,4,2,2,1000,13,30,0.14,06-01-2025
Simplilearn® Courses,simplelern,4,1,1,260,12,22,0.16,01-01-2025
PMP® Certification Course | Ace PMP Exam in 1st Attempt,pmp course,1,5,5,2400,12,86,0.69,23-01-2025
Simplilearn® Official Site,login simplilearn,4,1,1,260,12,15,0.13,08-01-2025
PMP® Exam & Certification,pmp test,1,4,4,1600,11,28,0.39,22-01-2025
Simplilearn® Official Site,simplilern,4,1,1,210,9,20,0.14,05-01-2025
SAFe® Agilist Certification | Special Offer: Get $250 Off,scale agile certification,6,2,0,720,9,33,0.41,26-01-2025
AWS Certified Cloud Practioner | Special Offer Get Flat 43% Off,aws practitioner certification,9,3,0,1000,9,13,0.41,26-01-2025
TOGAF® Architect Certification - TOGAF® Free Exam Retake,togaf certification,8,6,6,1900,9,21,0.52,20-01-2025
PMP® Exam & Certification | Ace PMP Exam in 1st Attempt,pmi pmp certification,1,2,2,720,9,35,0.57,13-01-2025
TOGAF® Enterprise Architecture | Master TOGAF® Core Concepts,togaf training,8,1,1,210,9,34,0.38,25-01-2025
Simplilearn Online Bootcamps | Online Certification Courses,simpilearn,4,1,1,170,7,16,0.14,22-01-2025
Simplilearn® Courses,simplylearn,4,2,2,590,7,13,0.16,01-01-2025
Simplilearn Courses,simplilearning,4,1,1,170,7,0,0,13-01-2025
Certified Scrum Product Owner® | Limited Offer: Flat $279 Off,scrum master certification free,2,4,4,1000,7,12,0.55,06-01-2025
TOGAF® 10 Certification Course | Master TOGAF® Core Concepts,togaf certifications,8,1,1,140,6,14,0.41,01-01-2025
Simplilearn Online Bootcamps | Online Certification Courses,smplilearn,4,1,1,140,6,13,0.14,22-01-2025
Simplilearn® Courses | Online Certification Courses,simplileaern,4,1,1,140,6,13,0.14,18-01-2025
Simplilearn® Courses,simplileanr,4,1,1,140,6,13,0.14,19-01-2025
Become Certified Scrum Master | Flash Sale: Enroll @ $270,certified scrum certification,2,4,4,880,6,18,0.56,10-01-2025
Simplilearn® Official Site - Online Certification Courses,simpllearn,4,1,1,140,6,13,0.14,15-01-2025
PMP® Certification Course | Ace PMP Exam in 1st Attempt,pmp certification training,1,5,5,1300,6,56,0.42,24-01-2025
Simplilearn® Courses | Online Certification Courses,simplilarn,4,1,1,110,5,9,0.16,31-12-2024
PMP® Certification Course | Ace PMP Exam in 1st Attempt,project management professional prep course,1,3,3,590,5,44,0.19,23-01-2025
PMP® Training & Exam - Ace PMP Exam in 1st Attempt,pmp exam practice test,1,3,3,590,5,10,0.52,26-01-2025
PMP® Certification Training | Ace PMP Exam in 1st Attempt,how to prepare for pmp certification,1,1,1,110,5,15,0.4,13-01-2025
ITIL Foundations Course | 100% Exam Pass Guarantee,itil 4 foundation certification,3,2,2,390,5,16,0.52,09-01-2025
Simplilearn® Courses | Level Up Your Skills | Launch Your Career,simpli lear,4,1,1,90,4,7,0.16,02-01-2025
Simplilearn® Courses,simplilearn azure,4,1,1,90,4,0,0.43,20-01-2025
Cloud Architect Certificate - Become a Cloud Architect,cloud architect certification,10,3,3,480,4,25,0.4,22-01-2025
PMP® Certification Training | Flat 40% Off - Enroll Now,cheap pmp certification,1,1,1,90,4,23,0.46,18-01-2025
CSPO® Certification Course | Limited Offer: Flat $279 Off,cspo training,7,3,3,480,4,27,0.24,31-12-2024
Simplilearn® Official Site,simplilearn log in,4,1,1,90,4,5,0.13,20-01-2025
Simplilearn ITIL 4 Training - Online Certification Courses,skillup by simplilearn,3,1,1,90,4,17,0.31,31-12-2024
CSM Scrum Master Course Online - Today's Offer: Up To 51% Off,certified scrum master class,2,2,2,260,3,16,0.43,24-01-2025
Simplilearn PMP® Course | Flat 40% Off - Enroll Now,similearn,1,1,1,70,3,6,0.14,22-01-2025
CSM Scrum Master Course Online | Today's Offer: Up To 51% Off,certified scrum master certificate,2,2,2,260,3,9,0.64,22-01-2025
PMP® Certification Course,how to get project management certification,1,3,3,390,3,22,0.72,21-01-2025
Simplilearn Courses | Online Courses,simplilearn courses,4,1,1,70,3,18,0.38,09-01-2025
CSM Scrum Master Course Online | Today's Offer: Up To 51% Off,certified scrum master course,2,3,3,390,3,16,0.43,18-01-2025
Product Owner (CSPO®) Course | Limited Offer: Flat $279 Off,a certified scrum product owner,7,1,1,70,3,9,0.42,16-01-2025
Master ITIL 4 Foundation - Clear ITIL Exam on 1st Attempt,itil foundation mock test,3,1,1,70,3,5,0.26,24-01-2025
Simplilearn PMP® Course | Special Offer: Get $400 Off,siplilearn,1,1,1,70,3,5,0.16,02-01-2025
Simplilearn Online Bootcamps | Level Up Your Skills,simplielarn,4,1,1,70,3,6,0.14,23-01-2025
Simplilearn® Courses | Online Certification Courses,simplielearn,4,1,0,70,3,6,0.14,26-01-2025
Simplilearn Online Bootcamps | Online Certification Courses,simplilear,4,1,1,70,3,5,0.16,02-01-2025
Simplilearn® Official Site | Online Certification Courses,simply lern,4,1,1,70,3,0,0,22-01-2025
Master ITIL 4 Foundation - 100+ Premium Exam Questions,itil foundation mock exam,3,1,1,70,3,8,0.28,31-12-2024
AWS Certified Cloud Practioner | Today's offer- Flat $300 Off,best aws learning tutorial,9,5,5,720,3,0,0,23-01-2025
Simplilearn Online Bootcamps | Online Certification Courses,simplilearns,4,1,1,50,2,4,0.14,17-01-2025
PMP® Certification Course | Flat 40% Off - Enroll Now,pmp certification courses online,1,3,3,260,2,19,0.62,27-12-2024
PMP® Certification | Flat 40% Off - Enroll Now,online pmp certification training,1,1,1,50,2,22,0.48,27-12-2024
CSM Scrum Master Course Online | Limited-time Offer: $270 Only,csm scrum master certification,2,2,2,210,2,6,0.4,25-01-2025
PMP® Training & Exam | Confidently Ace The PMP Exam,pmp prep classes,1,5,5,590,2,20,0.55,01-01-2025
Simplilearn Online Bootcamps | Launch Your Career,simplilerarn,4,1,1,50,2,4,0.14,06-01-2025
PMP® Exam & Certification - Confidently Ace The PMP Exam,pmp test requirements,1,3,3,260,2,3,0.31,01-01-2025
ITIL Certification Cost - 100% Exam Pass Guarantee,itil 4 foundation exam cost,3,3,0,320,2,4,0.47,26-01-2025
Simplilearn® Courses,simple lern,4,1,1,50,2,4,0.14,21-01-2025
CAPM® Exam Prep in 3 Weeks | Ace CAPM® Exam in 1st Attempt,capm course,5,6,0,590,2,9,0.71,26-01-2025
PMP® Certification Training | Flat 40% Off - Enroll Now,how much does it cost to do pmp-acp,1,4,4,390,2,0,0,05-01-2025
ITIL Certification Now - 4 Mock Tests | 30+ Quizzes,itil foundation test online,3,1,1,30,1,3,0.6,04-01-2025
ITIL Certification Course | Clear ITIL Exam on 1st Attempt,itil certification course online,3,1,1,40,1,6,0.24,22-01-2025
PMP® Certification Training - Ace PMP Exam in 1st Attempt,pmp exam prep free,1,1,1,40,1,2,0.63,24-01-2025
Become CAPM® Ready in 3 Weeks | Ace CAPM® Exam in 1st...,certified associate in project management capm course,5,2,2,110,1,6,0.75,21-01-2025
PMP® Exam & Certification | Ace PMP Exam in 1st Attempt,pmp certificaiton,1,2,2,140,1,3,0.62,12-01-2025
Simplilearn® Courses | Online Certification Courses,smplilearn,4,2,2,140,1,2,0.14,22-01-2025
Simplilearn® ITIL Programs | Online Certification Courses,simplilearn artificial intelligence engineer,3,1,1,30,1,4,0.43,23-01-2025
ITIL Foundations Course | 100% Exam Pass Guarantee,itil foundation training,3,4,4,170,1,6,0.42,14-01-2025
PMP® Certification | Ace PMP Exam in 1st Attempt,certificado de gestion de proyectos,1,1,1,40,1,7,0.53,13-01-2025
TOGAF® Certification Price - TOGAF® Free Exam Retake,togaf certification training,8,2,2,90,1,4,0.47,21-01-2025
Simplilearn Online Bootcamps - Online Certification Courses,simplileaern,4,2,2,140,1,2,0.14,18-01-2025
ITIL Certification Course | 100% Exam Pass Guarantee,itil certification training,3,2,2,140,1,5,0.49,22-01-2025
Become a Certified ScrumMaster | Today's Offer: Up To 51%...,certified scrummaster csm,2,3,3,140,1,3,0.4,18-01-2025
TOGAF® Enterprise Architecture | Enroll in TOGAF® Course Now,udacity enterprise architecture,8,4,4,260,1,0,0,06-01-2025
Simplilearn ITIL 4 Training | Online Certification Courses,simplilearn itil,3,1,1,40,1,8,0.48,05-01-2025
Simplilearn® Official Site - Online Certification Courses,simplilearn.com,4,1,1,40,1,2,0.18,15-01-2025
Simplilearn® Training Programs | Get Certified. Get Ahead.,simplilearn cloud architect,4,1,1,40,1,0,0.05,13-01-2025
ITIL Certification Course | Clear ITIL Exam on 1st Attempt,itl certification,3,1,1,30,1,2,0.49,10-01-2025
Simplilearn Online Bootcamps | Trusted by 3 Million+ Learners,simplearn,4,1,1,30,1,2,0.14,21-01-2025
Master ITIL 4 Foundation - Clear ITIL Exam on 1st Attempt,itil 4 foundation mock exam,3,1,1,30,1,2,0.4,09-01-2025
PMP® Certification Course | Ace PMP Exam in 1st Attempt,pmp courses online free,1,1,1,40,1,4,0.46,18-01-2025
ITIL Foundations Course | 100% Exam Pass Guarantee,itil 4 foundation certification,3,6,6,390,1,3,0.52,09-01-2025
PMI Certified PMP® Training | Flat 40% Off - Enroll Now,pmi project management course,1,3,3,210,1,4,0.48,28-12-2024
Simplilearn® Courses | Online Certification Courses,simplilearn data science,4,2,2,90,1,7,0.43,05-01-2025
Become Certified Scrum Master | Today's Offer: Up To 51% Off,certified scrum master csm certification,2,3,3,170,1,3,0.38,28-12-2024
Simplilearn ITIL V4 | Online Certification Courses,simplilearn cissp,3,1,1,30,1,5,0.63,05-01-2025
CSM Scrum Master Course Online | Limited-time Offer: $270 Only,csm class,2,3,3,140,1,3,0.09,12-01-2025
Simplilearn Online Bootcamps | Online Certification Courses,simplilearn full stack developer,4,2,2,110,1,7,0.7,12-01-2025
PMI Certified PMP® Training | Ace PMP Exam in 1st Attempt,pmp training pmi,1,3,3,210,1,3,0.57,09-01-2025
Simplilearn ITIL 4 Training - Level Up Your Skills,skillup by simplilearn,3,2,2,90,1,4,0.31,31-12-2024
Cloud Certification Course | Masters Certification in Cloud,caltech post graduate program in cloud computing,10,3,3,40,0,0,0.47,31-12-2024
PMP® Certification Course | Flat 40% Off - Enroll Now,it project manager certification,1,5,5,140,0,0,0.51,29-12-2024
Simplilearn Online Bootcamps | Online Certification Courses,simplilearns,4,2,2,50,0,0,0.14,17-01-2025
PMP® Exam & Certification | Confidently Ace The PMP Exam,pmi exam prep,1,4,4,140,0,0,0.66,31-12-2024
PMP® Certification | Confidently Ace The PMP Exam,best course for pmp,1,4,4,30,0,0,0.24,31-12-2024
ITIL Certification Course | 100% Exam Pass Guarantee,itil certification online,3,3,3,110,0,0,0.3,03-01-2025
ITIL Foundations Course | 100% Exam Pass Guarantee,itil online certification,3,2,2,30,0,0,0.29,31-12-2024
No Cost & No Hidden Fees - AWS Certification Course,best platform to learn aws,9,4,0,110,0,0,0.26,26-01-2025
PMP® Certification Course | Confidently Ace The PMP Exam,pmp certification what is it,1,4,4,70,0,0,0.28,01-01-2025
CAPM® Certification Training | Ace CAPM® Exam in 1st...,certified associate in project management capm course,5,5,5,110,0,0,0.75,21-01-2025
PMP® Course | Confidently Ace The PMP Exam,best pmp prep course,1,6,6,170,0,0,0.52,31-12-2024
ITIL Certification Course | 100% Exam Pass Guarantee,itil classes online,3,3,3,70,0,0,0.24,21-01-2025
Simplilearn® Courses | Online Certification Courses,simplilearn artificial intelligence engineer,4,4,4,30,0,0,0.95,27-12-2024
Simplilearn TOGAF - Online Certification Courses,simplilearn artificial intelligence engineer,4,6,6,30,0,0,0.43,23-01-2025
ITIL Foundations Course | 100% Exam Pass Guarantee,learning tree itil 4 foundation,3,3,3,40,0,0,0.26,31-12-2024
PMP® Training Course | Confidently Ace The PMP Exam,purdue project management essentials,1,2,2,30,0,0,0.15,01-01-2025
Project Management Training,purdue project management essentials,1,5,5,30,0,0,0.15,01-01-2025
TOGAF® Enterprise Architecture | Enroll in TOGAF® Course Now,it architect certification program,8,4,4,110,0,0,0.22,22-01-2025
TOGAF® 10 Certification Course | Enroll in TOGAF® Course Now,togaf course online,8,2,2,40,0,0,0.4,03-01-2025
AWS Solution Architect Course | Get AWS Associate Certificate,aws solutions architect-associate,9,4,4,70,0,0,0.25,05-01-2025
CSM Scrum Master Course Online - Today's Offer: Up To 51% Off,get certified scrum master,2,3,3,40,0,0,0.79,24-01-2025
Online AWS CPE Course | Special Offer Get Flat 43% Off,devops certification course,9,4,4,50,0,0,0.46,31-12-2024
CSM Scrum Master Course Online | Today's Offer: Up To 51% Off,scrum master certification course,2,4,4,140,0,0,0.43,24-01-2025
PMP® Exam & Certification | Flat 40% Off - Enroll Now,pmp training and certification cost,1,4,4,50,0,0,0.33,06-01-2025
Leading SAFe® 6 Certification | Special Offer: Get $250 Off,safe 6.0 certification,6,4,4,70,0,0,0.57,22-01-2025
PMP® Exam & Certification,pmp registered,1,2,2,40,0,0,0.26,21-01-2025
PMP® Exam & Certification | Flat 40% Off - Enroll Now,pmp registered,1,5,5,40,0,0,0.26,21-01-2025
PMP® Exam & Certification | Ace PMP Exam in 1st Attempt,how to register for pmp exam,1,2,2,70,0,0,0.45,15-01-2025
CSM Scrum Master Course Online - Today's Offer: Up To 51% Off,srum master certification,2,4,4,40,0,0,0.56,31-12-2024
SAFe® Agile Training & Exam | Special Offer: Get $250 Off,scrum safe certification,6,3,3,30,0,0,0.51,26-01-2025
PMP® Course | Confidently Ace The PMP Exam,pmp free course,1,3,3,110,0,0,0.57,01-01-2025
PMP® Certification Course,how to prepare for pmp certification,1,5,5,110,0,0,0.4,13-01-2025
PMP® Exam & Certification | Flat 40% Off - Enroll Now,what is the cost of pmp exam,1,4,4,40,0,0,0.4,24-01-2025
Master ITIL 4 Foundation | 100% Exam Pass Guarantee,itil 4 foundation course,3,3,3,70,0,0,0.35,23-01-2025
PMP® Certification Course | Flat 40% Off - Enroll Now,pmp certification online course,1,6,6,170,0,0,0.62,27-12-2024
Master ITIL 4 Foundation | 100% Exam Pass Guarantee,itilv4 foundation,3,3,3,30,0,0,0.43,28-12-2024
Master ITIL 4 Foundation | 100% Exam Pass Guarantee,itilv4 foundation,3,6,6,30,0,0,0.43,28-12-2024
ITIL Foundations Course | Clear ITIL Exam on 1st Attempt,itil foundations training,3,3,3,40,0,0,0.38,31-12-2024
Simplilearn PMP® Course - Limited Offer: Get $400 Off,siplilearn,1,2,2,70,0,0,0.16,02-01-2025
Simplilearn® Courses | Online Certification Courses,simplielearn,4,2,2,70,0,0,0.16,29-12-2024
CSPO® Certification - Special Offer: Flat $279 Off,knowledgehut cspo,7,2,2,30,0,0,0.23,31-12-2024
Become CAPM® Ready in 3 Weeks | Ace CAPM® Exam in 1st...,capm training classes,5,2,2,70,0,0,0.4,16-01-2025
Become Certified Scrum Master | Limited-time Offer: $270 Only,agile certified scrum master,2,3,3,90,0,0,0.51,31-12-2024
Simplilearn Online Bootcamps | Online Certification Courses,simplilearn generative ai,4,3,3,30,0,0,0.85,05-01-2025
PMP® Exam & Certification | Special Offer: Get $400 Off,pmp certificering,1,6,6,30,0,0,0.19,31-12-2024
PMP® Exam & Certification - Flat 40% Off - Enroll Now,pmp certification 35 hours online training,1,4,4,40,0,0,0.61,31-12-2024
Certified Scrum Product Owner® | Limited Offer: Flat $279 Off,scrum alliance csm certification cost,2,4,4,90,0,0,0.39,16-01-2025
PMP® Certification Course,duration of pmp course,1,2,2,50,0,0,0.24,22-01-2025
TOGAF® Certification Exam Cost | TOGAF® Free Exam Retake,togaf certification price,8,4,4,30,0,0,0.3,13-01-2025
Master ITIL 4 Foundation - 100% Exam Pass Guarantee,itil foundation test,3,2,2,50,0,0,0.53,23-01-2025
